partition,# samples,observed CVR,predicted CVR,pred/obs CVR
train,356,6.9662921348314610e-01,9.9719101123595488e-01,1.4314516129032255e+00
test,89,6.7415730337078650e-01,1.0000000000000000e+00,1.4833333333333334e+00
