partition,# samples chosen,observed CVR,# samples recommended,predicted CVR,pred/obs CVR
train,148,7.6351351351351349e-01,148,1.0000000000000000e+00,1.3097345132743363e+00
test,37,7.2972972972972971e-01,37,1.0000000000000000e+00,1.3703703703703705e+00
