partition,# samples chosen,observed CVR,# samples recommended,predicted CVR,pred/obs CVR
train,208,6.4903846153846156e-01,208,9.9519230769230771e-01,1.5333333333333332e+00
test,52,6.3461538461538458e-01,52,1.0000000000000000e+00,1.5757575757575759e+00
